Designator,Footprint,Quantity,Value,LCSC Part #
C1,CP_Radial_D5.0mm_P2.50mm,1,10uF,
"C10, C8",CP_Radial_D5.0mm_P2.50mm,2,1uF,
"C11, C3, C4, C5, C6, C7, C9",C_Disc_D4.3mm_W1.9mm_P5.00mm,7,100nF,
C2,CP_Radial_D5.0mm_P2.50mm,1,22uF,
J1,PinHeader_2x25_P2.54mm_Vertical,1,MSX Bus (Odd-Even),
J2,microSD_HC_Hirose_DM3AT-SF-PEJM5,1,Micro_SD_Card,
J3,PinSocket_1x03_P2.54mm_Vertical,1,UART,
J4,PinSocket_1x03_P2.54mm_Vertical,1,DEBUG,
J5,PinHeader_2x16_P2.54mm_Vertical,1,MSX Debug,
J6,PinHeader_2x10_P2.54mm_Vertical,1,Pico Debug,
"J7, J8",PinHeader_1x03_P2.54mm_Vertical,2,Ground Pins,
R1,R_Axial_DIN0204_L3.6mm_D1.6mm_P7.62mm_Horizontal,1,10K,
RN1,R_Array_SIP5,1,10K,
U1,TO-220-3_Horizontal_TabDown,1,LD1117S33TR_SOT223,
"U2, U3, U4, U5",DIP-20_W7.62mm,4,74LS245,
U6,RPi_Pico_SMD_TH,1,Pico,
U7,SOT-23-5,1,SN74LV1T34DBV,
