﻿pos_x,pos_y,rotation,side,designator,mpn,pack,value,mount_type,place
109.2849,-50.165,0.0,top,C1,,CP_Radial_D5.0mm_P2.50mm,10uF,tht,True
85.6229,-67.183,0.0,top,C10,,CP_Radial_D5.0mm_P2.50mm,1uF,tht,True
84.495,-59.69,0.0,top,C11,,C_Disc_D4.3mm_W1.9mm_P5.00mm,100nF,tht,True
116.88,-50.165,0.0,top,C2,,CP_Radial_D5.0mm_P2.50mm,22uF,tht,True
104.64,-104.775,0.0,top,C3,,C_Disc_D4.3mm_W1.9mm_P5.00mm,100nF,tht,True
88.54,-105.41,0.0,top,C4,,C_Disc_D4.3mm_W1.9mm_P5.00mm,100nF,tht,True
97.235,-71.12,0.0,top,C5,,C_Disc_D4.3mm_W1.9mm_P5.00mm,100nF,tht,True
73.91,-42.665,90.0,top,C7,,C_Disc_D4.3mm_W1.9mm_P5.00mm,100nF,tht,True
124.5249,-50.165,0.0,top,C8,,CP_Radial_D5.0mm_P2.50mm,1uF,tht,True
131.445,-47.665,-90.0,top,C9,,C_Disc_D4.3mm_W1.9mm_P5.00mm,100nF,tht,True
91.44,-37.465,0.0,top,D1,,LED_D5.0mm,LED,tht,True
135.24,-114.325,-90.0,top,J1,,PinSocket_1x03_P2.54mm_Vertical,D_DEBUG,tht,True
58.42,-41.275,-90.0,top,J2,,microSD_HC_Hirose_DM3AT-SF-PEJM5,Micro_SD_Card,smt,True
64.135,-55.245,90.0,top,J3,,PinSocket_1x03_P2.54mm_Vertical,UART,tht,True
69.835,-118.745,-90.0,top,J4,,PinSocket_1x03_P2.54mm_Vertical,DEBUG,tht,True
80.645,-122.555,90.0,top,J5,,PinHeader_2x16_P2.54mm_Vertical,MSX Debug,tht,True
111.125,-60.325,0.0,top,J6,,PinSocket_1x03_P2.54mm_Vertical,D_UART,tht,True
100.965,-112.395,90.0,top,J7,,PinHeader_1x03_P2.54mm_Vertical,Ground Pins,tht,True
80.645,-41.91,0.0,top,J8,,PinHeader_1x03_P2.54mm_Vertical,Ground Pins,tht,True
127.635,-120.65,90.0,top,J9,,PinHeader_1x04_P2.54mm_Vertical,DEBUG_I2C,tht,True
86.36,-50.8,90.0,top,R1,,R_Axial_DIN0207_L6.3mm_D2.5mm_P15.24mm_Horizontal,R_Small,tht,True
127.34,-42.545,90.0,top,U1,,TO-220-3_Horizontal_TabDown,LD1117S33TR_SOT223,tht,True
103.505,-66.675,180.0,top,U2,,DIP-20_W7.62mm,74LS245,tht,True
111.125,-99.695,180.0,top,U3,,DIP-20_W7.62mm,74LS245,tht,True
95.3725,-99.3,180.0,top,U4,,DIP-20_W7.62mm,74LS245,tht,True
67.31,-84.455,0.0,top,U6,,RPi_Pico_SMD_TH,Pico,tht,True
129.54,-83.82,0.0,top,U8,,RPi_Pico_SMD_TH,Pico,tht,True
