﻿designator,quantity,value,pack,mpn,mount_type
C1,1,10uF,CP_Radial_D5.0mm_P2.50mm,,tht
"C10, C8",2,1uF,CP_Radial_D5.0mm_P2.50mm,,tht
"C11, C3, C4, C5, C7, C9",6,100nF,C_Disc_D4.3mm_W1.9mm_P5.00mm,,tht
C2,1,22uF,CP_Radial_D5.0mm_P2.50mm,,tht
D1,1,LED,LED_D5.0mm,,tht
J1,1,D_DEBUG,PinSocket_1x03_P2.54mm_Vertical,,tht
J2,1,Micro_SD_Card,microSD_HC_Hirose_DM3AT-SF-PEJM5,,smt
J3,1,UART,PinSocket_1x03_P2.54mm_Vertical,,tht
J4,1,DEBUG,PinSocket_1x03_P2.54mm_Vertical,,tht
J5,1,MSX Debug,PinHeader_2x16_P2.54mm_Vertical,,tht
J6,1,D_UART,PinSocket_1x03_P2.54mm_Vertical,,tht
"J7, J8",2,Ground Pins,PinHeader_1x03_P2.54mm_Vertical,,tht
J9,1,DEBUG_I2C,PinHeader_1x04_P2.54mm_Vertical,,tht
R1,1,R_Small,R_Axial_DIN0207_L6.3mm_D2.5mm_P15.24mm_Horizontal,,tht
U1,1,LD1117S33TR_SOT223,TO-220-3_Horizontal_TabDown,,tht
"U2, U3, U4",3,74LS245,DIP-20_W7.62mm,,tht
"U6, U8",2,Pico,RPi_Pico_SMD_TH,,tht
