[{"pos_x": 131.825, "pos_y": -119.025, "rotation": -90.0, "side": "top", "designator": "J4", "mpn": null, "pack": "PinSocket_1x03_P2.54mm_Vertical", "value": "DEBUG", "mount_type": "tht", "place": true}, {"pos_x": 168.2971, "pos_y": -122.24, "rotation": 90.0, "side": "top", "designator": "C3", "mpn": null, "pack": "C_Disc_D4.3mm_W1.9mm_P5.00mm", "value": "100nF", "mount_type": "tht", "place": true}, {"pos_x": 147.0, "pos_y": -63.54, "rotation": -90.0, "side": "top", "designator": "C11", "mpn": null, "pack": "C_Disc_D4.3mm_W1.9mm_P5.00mm", "value": "100nF", "mount_type": "tht", "place": true}, {"pos_x": 161.0, "pos_y": -82.9, "rotation": 180.0, "side": "top", "designator": "U4", "mpn": null, "pack": "DIP-20_W7.62mm", "value": "74LS245", "mount_type": "tht", "place": true}, {"pos_x": 187.0, "pos_y": -130.5, "rotation": 0.0, "side": "top", "designator": "C8", "mpn": null, "pack": "CP_Radial_D5.0mm_P2.50mm", "value": "1uF", "mount_type": "tht", "place": true}, {"pos_x": 143.0, "pos_y": -93.08, "rotation": 90.0, "side": "top", "designator": "RN1", "mpn": null, "pack": "R_Array_SIP5", "value": "10K", "mount_type": "tht", "place": true}, {"pos_x": 182.42, "pos_y": -44.5, "rotation": 90.0, "side": "top", "designator": "J7", "mpn": null, "pack": "PinHeader_1x03_P2.54mm_Vertical", "value": "Ground Pins", "mount_type": "tht", "place": true}, {"pos_x": 141.5, "pos_y": -65.04, "rotation": -90.0, "side": "top", "designator": "C10", "mpn": null, "pack": "CP_Radial_D5.0mm_P2.50mm", "value": "1uF", "mount_type": "tht", "place": true}, {"pos_x": 185.74, "pos_y": -135.0, "rotation": 0.0, "side": "top", "designator": "C9", "mpn": null, "pack": "C_Disc_D4.3mm_W1.9mm_P5.00mm", "value": "100nF", "mount_type": "tht", "place": true}, {"pos_x": 168.1581, "pos_y": -83.4, "rotation": 90.0, "side": "top", "designator": "C4", "mpn": null, "pack": "C_Disc_D4.3mm_W1.9mm_P5.00mm", "value": "100nF", "mount_type": "tht", "place": true}, {"pos_x": 177.5, "pos_y": -137.4102, "rotation": 90.0, "side": "top", "designator": "C2", "mpn": null, "pack": "CP_Radial_D5.0mm_P2.50mm", "value": "22uF", "mount_type": "tht", "place": true}, {"pos_x": 117.025, "pos_y": -49.225, "rotation": -90.0, "side": "top", "designator": "J2", "mpn": null, "pack": "microSD_HC_Hirose_DM3AT-SF-PEJM5", "value": "Micro_SD_Card", "mount_type": "smt", "place": true}, {"pos_x": 150.9771, "pos_y": -122.24, "rotation": 90.0, "side": "top", "designator": "C5", "mpn": null, "pack": "C_Disc_D4.3mm_W1.9mm_P5.00mm", "value": "100nF", "mount_type": "tht", "place": true}, {"pos_x": 151.18, "pos_y": -47.04, "rotation": 90.0, "side": "top", "designator": "J6", "mpn": null, "pack": "PinHeader_2x10_P2.54mm_Vertical", "value": "Pico Debug", "mount_type": "tht", "place": true}, {"pos_x": 128.5, "pos_y": -50.75, "rotation": 90.0, "side": "top", "designator": "C7", "mpn": null, "pack": "C_Disc_D4.3mm_W1.9mm_P5.00mm", "value": "100nF", "mount_type": "tht", "place": true}, {"pos_x": 201.627, "pos_y": -90.75, "rotation": 90.0, "side": "top", "designator": "J9", "mpn": null, "pack": "MSX_Cartridge", "value": "Edge Connector", "mount_type": "tht", "place": true}, {"pos_x": 124.5, "pos_y": -130.5, "rotation": -90.0, "side": "top", "designator": "J8", "mpn": null, "pack": "PinHeader_1x03_P2.54mm_Vertical", "value": "Ground Pins", "mount_type": "tht", "place": true}, {"pos_x": 150.7972, "pos_y": -83.4, "rotation": 90.0, "side": "top", "designator": "C6", "mpn": null, "pack": "C_Disc_D4.3mm_W1.9mm_P5.00mm", "value": "100nF", "mount_type": "tht", "place": true}, {"pos_x": 151.26, "pos_y": -55.04, "rotation": 90.0, "side": "top", "designator": "J5", "mpn": null, "pack": "PinHeader_2x16_P2.54mm_Vertical", "value": "MSX Debug", "mount_type": "tht", "place": true}, {"pos_x": 117.5, "pos_y": -119.025, "rotation": -90.0, "side": "top", "designator": "J3", "mpn": null, "pack": "PinSocket_1x03_P2.54mm_Vertical", "value": "UART", "mount_type": "tht", "place": true}, {"pos_x": 122.165, "pos_y": -86.61, "rotation": 0.0, "side": "top", "designator": "U6", "mpn": null, "pack": "RPi_Pico_SMD_TH", "value": "Pico", "mount_type": "tht", "place": true}, {"pos_x": 142.1375, "pos_y": -48.45, "rotation": 0.0, "side": "top", "designator": "U7", "mpn": null, "pack": "SOT-23-5", "value": "SN74LV1T34DBV", "mount_type": "smt", "place": true}, {"pos_x": 178.5, "pos_y": -82.9, "rotation": 180.0, "side": "top", "designator": "U3", "mpn": null, "pack": "DIP-20_W7.62mm", "value": "74LS245", "mount_type": "tht", "place": true}, {"pos_x": 138.1375, "pos_y": -52.45, "rotation": 90.0, "side": "top", "designator": "R1", "mpn": null, "pack": "R_Axial_DIN0204_L3.6mm_D1.6mm_P7.62mm_Horizontal", "value": "10K", "mount_type": "tht", "place": true}, {"pos_x": 177.5, "pos_y": -129.0, "rotation": -90.0, "side": "top", "designator": "C1", "mpn": null, "pack": "CP_Radial_D5.0mm_P2.50mm", "value": "10uF", "mount_type": "tht", "place": true}, {"pos_x": 178.5, "pos_y": -121.74, "rotation": 180.0, "side": "top", "designator": "U5", "mpn": null, "pack": "DIP-20_W7.62mm", "value": "74LS245", "mount_type": "tht", "place": true}, {"pos_x": 187.0, "pos_y": -60.275, "rotation": 0.0, "side": "top", "designator": "J1", "mpn": null, "pack": "PinHeader_2x25_P2.54mm_Vertical", "value": "MSX Bus (Odd-Even)", "mount_type": "tht", "place": true}, {"pos_x": 161.0, "pos_y": -121.74, "rotation": 180.0, "side": "top", "designator": "U2", "mpn": null, "pack": "DIP-20_W7.62mm", "value": "74LS245", "mount_type": "tht", "place": true}, {"pos_x": 168.23, "pos_y": -135.54, "rotation": 90.0, "side": "top", "designator": "U1", "mpn": null, "pack": "TO-220-3_Horizontal_TabDown", "value": "LD1117S33TR_SOT223", "mount_type": "tht", "place": true}]